{"name":"14_servicio_agenda","classpathEntries":[{"kind":"binary","path":"C:\\Program Files\\Java\\jdk1.8.0_11\\jre\\lib\\resources.jar","javadocContainerUrl":"https://docs.oracle.com/javase/1/docs/api/","isSystem":true,"isOwn":false,"isTest":false,"isJavaContent":false},{"kind":"binary","path":"C:\\Program Files\\Java\\jdk1.8.0_11\\jre\\lib\\rt.jar","javadocContainerUrl":"https://docs.oracle.com/javase/1/docs/api/","isSystem":true,"isOwn":false,"isTest":false,"isJavaContent":false},{"kind":"binary","path":"C:\\Program Files\\Java\\jdk1.8.0_11\\jre\\lib\\jsse.jar","javadocContainerUrl":"https://docs.oracle.com/javase/1/docs/api/","isSystem":true,"isOwn":false,"isTest":false,"isJavaContent":false},{"kind":"binary","path":"C:\\Program Files\\Java\\jdk1.8.0_11\\jre\\lib\\jce.jar","javadocContainerUrl":"https://docs.oracle.com/javase/1/docs/api/","isSystem":true,"isOwn":false,"isTest":false,"isJavaContent":false},{"kind":"binary","path":"C:\\Program Files\\Java\\jdk1.8.0_11\\jre\\lib\\charsets.jar","javadocContainerUrl":"https://docs.oracle.com/javase/1/docs/api/","isSystem":true,"isOwn":false,"isTest":false,"isJavaContent":false},{"kind":"binary","path":"C:\\Program Files\\Java\\jdk1.8.0_11\\jre\\lib\\jfr.jar","javadocContainerUrl":"https://docs.oracle.com/javase/1/docs/api/","isSystem":true,"isOwn":false,"isTest":false,"isJavaContent":false},{"kind":"binary","path":"C:\\Users\\antonio\\.m2\\repository\\org\\springframework\\spring-core\\5.2.0.RELEASE\\spring-core-5.2.0.RELEASE.jar","sourceContainerUrl":"file:/C:/Users/antonio/.m2/repository/org/springframework/spring-core/5.2.0.RELEASE/spring-core-5.2.0.RELEASE-sources.jar","javadocContainerUrl":"file:/C:/Users/antonio/.m2/repository/org/springframework/spring-core/5.2.0.RELEASE/spring-core-5.2.0.RELEASE-javadoc.jar","isSystem":false,"isOwn":false,"isTest":false,"isJavaContent":false},{"kind":"binary","path":"C:\\Users\\antonio\\.m2\\repository\\org\\springframework\\spring-jcl\\5.2.0.RELEASE\\spring-jcl-5.2.0.RELEASE.jar","sourceContainerUrl":"file:/C:/Users/antonio/.m2/repository/org/springframework/spring-jcl/5.2.0.RELEASE/spring-jcl-5.2.0.RELEASE-sources.jar","javadocContainerUrl":"file:/C:/Users/antonio/.m2/repository/org/springframework/spring-jcl/5.2.0.RELEASE/spring-jcl-5.2.0.RELEASE-javadoc.jar","isSystem":false,"isOwn":false,"isTest":false,"isJavaContent":false},{"kind":"binary","path":"C:\\Users\\antonio\\.m2\\repository\\org\\springframework\\spring-context\\5.2.0.RELEASE\\spring-context-5.2.0.RELEASE.jar","sourceContainerUrl":"file:/C:/Users/antonio/.m2/repository/org/springframework/spring-context/5.2.0.RELEASE/spring-context-5.2.0.RELEASE-sources.jar","javadocContainerUrl":"file:/C:/Users/antonio/.m2/repository/org/springframework/spring-context/5.2.0.RELEASE/spring-context-5.2.0.RELEASE-javadoc.jar","isSystem":false,"isOwn":false,"isTest":false,"isJavaContent":false},{"kind":"binary","path":"C:\\Users\\antonio\\.m2\\repository\\org\\springframework\\spring-aop\\5.2.0.RELEASE\\spring-aop-5.2.0.RELEASE.jar","sourceContainerUrl":"file:/C:/Users/antonio/.m2/repository/org/springframework/spring-aop/5.2.0.RELEASE/spring-aop-5.2.0.RELEASE-sources.jar","javadocContainerUrl":"file:/C:/Users/antonio/.m2/repository/org/springframework/spring-aop/5.2.0.RELEASE/spring-aop-5.2.0.RELEASE-javadoc.jar","isSystem":false,"isOwn":false,"isTest":false,"isJavaContent":false},{"kind":"binary","path":"C:\\Users\\antonio\\.m2\\repository\\org\\springframework\\spring-beans\\5.2.0.RELEASE\\spring-beans-5.2.0.RELEASE.jar","sourceContainerUrl":"file:/C:/Users/antonio/.m2/repository/org/springframework/spring-beans/5.2.0.RELEASE/spring-beans-5.2.0.RELEASE-sources.jar","javadocContainerUrl":"file:/C:/Users/antonio/.m2/repository/org/springframework/spring-beans/5.2.0.RELEASE/spring-beans-5.2.0.RELEASE-javadoc.jar","isSystem":false,"isOwn":false,"isTest":false,"isJavaContent":false},{"kind":"binary","path":"C:\\Users\\antonio\\.m2\\repository\\org\\springframework\\spring-expression\\5.2.0.RELEASE\\spring-expression-5.2.0.RELEASE.jar","sourceContainerUrl":"file:/C:/Users/antonio/.m2/repository/org/springframework/spring-expression/5.2.0.RELEASE/spring-expression-5.2.0.RELEASE-sources.jar","javadocContainerUrl":"file:/C:/Users/antonio/.m2/repository/org/springframework/spring-expression/5.2.0.RELEASE/spring-expression-5.2.0.RELEASE-javadoc.jar","isSystem":false,"isOwn":false,"isTest":false,"isJavaContent":false},{"kind":"binary","path":"C:\\Users\\antonio\\.m2\\repository\\org\\springframework\\spring-web\\5.2.0.RELEASE\\spring-web-5.2.0.RELEASE.jar","sourceContainerUrl":"file:/C:/Users/antonio/.m2/repository/org/springframework/spring-web/5.2.0.RELEASE/spring-web-5.2.0.RELEASE-sources.jar","javadocContainerUrl":"file:/C:/Users/antonio/.m2/repository/org/springframework/spring-web/5.2.0.RELEASE/spring-web-5.2.0.RELEASE-javadoc.jar","isSystem":false,"isOwn":false,"isTest":false,"isJavaContent":false},{"kind":"binary","path":"C:\\Users\\antonio\\.m2\\repository\\org\\springframework\\spring-webmvc\\5.2.0.RELEASE\\spring-webmvc-5.2.0.RELEASE.jar","sourceContainerUrl":"file:/C:/Users/antonio/.m2/repository/org/springframework/spring-webmvc/5.2.0.RELEASE/spring-webmvc-5.2.0.RELEASE-sources.jar","javadocContainerUrl":"file:/C:/Users/antonio/.m2/repository/org/springframework/spring-webmvc/5.2.0.RELEASE/spring-webmvc-5.2.0.RELEASE-javadoc.jar","isSystem":false,"isOwn":false,"isTest":false,"isJavaContent":false},{"kind":"binary","path":"C:\\Users\\antonio\\.m2\\repository\\mysql\\mysql-connector-java\\8.0.13\\mysql-connector-java-8.0.13.jar","sourceContainerUrl":"file:/C:/Users/antonio/.m2/repository/mysql/mysql-connector-java/8.0.13/mysql-connector-java-8.0.13-sources.jar","isSystem":false,"isOwn":false,"isTest":false,"isJavaContent":false},{"kind":"binary","path":"C:\\Users\\antonio\\.m2\\repository\\com\\google\\protobuf\\protobuf-java\\3.6.1\\protobuf-java-3.6.1.jar","sourceContainerUrl":"file:/C:/Users/antonio/.m2/repository/com/google/protobuf/protobuf-java/3.6.1/protobuf-java-3.6.1-sources.jar","javadocContainerUrl":"file:/C:/Users/antonio/.m2/repository/com/google/protobuf/protobuf-java/3.6.1/protobuf-java-3.6.1-javadoc.jar","isSystem":false,"isOwn":false,"isTest":false,"isJavaContent":false},{"kind":"binary","path":"C:\\Users\\antonio\\.m2\\repository\\org\\springframework\\spring-jdbc\\5.2.0.RELEASE\\spring-jdbc-5.2.0.RELEASE.jar","sourceContainerUrl":"file:/C:/Users/antonio/.m2/repository/org/springframework/spring-jdbc/5.2.0.RELEASE/spring-jdbc-5.2.0.RELEASE-sources.jar","javadocContainerUrl":"file:/C:/Users/antonio/.m2/repository/org/springframework/spring-jdbc/5.2.0.RELEASE/spring-jdbc-5.2.0.RELEASE-javadoc.jar","isSystem":false,"isOwn":false,"isTest":false,"isJavaContent":false},{"kind":"binary","path":"C:\\Users\\antonio\\.m2\\repository\\org\\springframework\\spring-tx\\5.2.0.RELEASE\\spring-tx-5.2.0.RELEASE.jar","sourceContainerUrl":"file:/C:/Users/antonio/.m2/repository/org/springframework/spring-tx/5.2.0.RELEASE/spring-tx-5.2.0.RELEASE-sources.jar","javadocContainerUrl":"file:/C:/Users/antonio/.m2/repository/org/springframework/spring-tx/5.2.0.RELEASE/spring-tx-5.2.0.RELEASE-javadoc.jar","isSystem":false,"isOwn":false,"isTest":false,"isJavaContent":false},{"kind":"binary","path":"C:\\Users\\antonio\\.m2\\repository\\org\\springframework\\spring-orm\\5.2.0.RELEASE\\spring-orm-5.2.0.RELEASE.jar","sourceContainerUrl":"file:/C:/Users/antonio/.m2/repository/org/springframework/spring-orm/5.2.0.RELEASE/spring-orm-5.2.0.RELEASE-sources.jar","javadocContainerUrl":"file:/C:/Users/antonio/.m2/repository/org/springframework/spring-orm/5.2.0.RELEASE/spring-orm-5.2.0.RELEASE-javadoc.jar","isSystem":false,"isOwn":false,"isTest":false,"isJavaContent":false},{"kind":"binary","path":"C:\\Users\\antonio\\.m2\\repository\\org\\hibernate\\hibernate-core\\5.4.9.Final\\hibernate-core-5.4.9.Final.jar","sourceContainerUrl":"file:/C:/Users/antonio/.m2/repository/org/hibernate/hibernate-core/5.4.9.Final/hibernate-core-5.4.9.Final-sources.jar","javadocContainerUrl":"file:/C:/Users/antonio/.m2/repository/org/hibernate/hibernate-core/5.4.9.Final/hibernate-core-5.4.9.Final-javadoc.jar","isSystem":false,"isOwn":false,"isTest":false,"isJavaContent":false},{"kind":"binary","path":"C:\\Users\\antonio\\.m2\\repository\\org\\jboss\\logging\\jboss-logging\\3.3.2.Final\\jboss-logging-3.3.2.Final.jar","sourceContainerUrl":"file:/C:/Users/antonio/.m2/repository/org/jboss/logging/jboss-logging/3.3.2.Final/jboss-logging-3.3.2.Final-sources.jar","javadocContainerUrl":"file:/C:/Users/antonio/.m2/repository/org/jboss/logging/jboss-logging/3.3.2.Final/jboss-logging-3.3.2.Final-javadoc.jar","isSystem":false,"isOwn":false,"isTest":false,"isJavaContent":false},{"kind":"binary","path":"C:\\Users\\antonio\\.m2\\repository\\javax\\persistence\\javax.persistence-api\\2.2\\javax.persistence-api-2.2.jar","sourceContainerUrl":"file:/C:/Users/antonio/.m2/repository/javax/persistence/javax.persistence-api/2.2/javax.persistence-api-2.2-sources.jar","javadocContainerUrl":"file:/C:/Users/antonio/.m2/repository/javax/persistence/javax.persistence-api/2.2/javax.persistence-api-2.2-javadoc.jar","isSystem":false,"isOwn":false,"isTest":false,"isJavaContent":false},{"kind":"binary","path":"C:\\Users\\antonio\\.m2\\repository\\org\\javassist\\javassist\\3.24.0-GA\\javassist-3.24.0-GA.jar","sourceContainerUrl":"file:/C:/Users/antonio/.m2/repository/org/javassist/javassist/3.24.0-GA/javassist-3.24.0-GA-sources.jar","javadocContainerUrl":"file:/C:/Users/antonio/.m2/repository/org/javassist/javassist/3.24.0-GA/javassist-3.24.0-GA-javadoc.jar","isSystem":false,"isOwn":false,"isTest":false,"isJavaContent":false},{"kind":"binary","path":"C:\\Users\\antonio\\.m2\\repository\\net\\bytebuddy\\byte-buddy\\1.10.2\\byte-buddy-1.10.2.jar","sourceContainerUrl":"file:/C:/Users/antonio/.m2/repository/net/bytebuddy/byte-buddy/1.10.2/byte-buddy-1.10.2-sources.jar","javadocContainerUrl":"file:/C:/Users/antonio/.m2/repository/net/bytebuddy/byte-buddy/1.10.2/byte-buddy-1.10.2-javadoc.jar","isSystem":false,"isOwn":false,"isTest":false,"isJavaContent":false},{"kind":"binary","path":"C:\\Users\\antonio\\.m2\\repository\\antlr\\antlr\\2.7.7\\antlr-2.7.7.jar","isSystem":false,"isOwn":false,"isTest":false,"isJavaContent":false},{"kind":"binary","path":"C:\\Users\\antonio\\.m2\\repository\\org\\jboss\\spec\\javax\\transaction\\jboss-transaction-api_1.2_spec\\1.1.1.Final\\jboss-transaction-api_1.2_spec-1.1.1.Final.jar","sourceContainerUrl":"file:/C:/Users/antonio/.m2/repository/org/jboss/spec/javax/transaction/jboss-transaction-api_1.2_spec/1.1.1.Final/jboss-transaction-api_1.2_spec-1.1.1.Final-sources.jar","javadocContainerUrl":"file:/C:/Users/antonio/.m2/repository/org/jboss/spec/javax/transaction/jboss-transaction-api_1.2_spec/1.1.1.Final/jboss-transaction-api_1.2_spec-1.1.1.Final-javadoc.jar","isSystem":false,"isOwn":false,"isTest":false,"isJavaContent":false},{"kind":"binary","path":"C:\\Users\\antonio\\.m2\\repository\\org\\jboss\\jandex\\2.1.1.Final\\jandex-2.1.1.Final.jar","sourceContainerUrl":"file:/C:/Users/antonio/.m2/repository/org/jboss/jandex/2.1.1.Final/jandex-2.1.1.Final-sources.jar","isSystem":false,"isOwn":false,"isTest":false,"isJavaContent":false},{"kind":"binary","path":"C:\\Users\\antonio\\.m2\\repository\\com\\fasterxml\\classmate\\1.5.1\\classmate-1.5.1.jar","sourceContainerUrl":"file:/C:/Users/antonio/.m2/repository/com/fasterxml/classmate/1.5.1/classmate-1.5.1-sources.jar","javadocContainerUrl":"file:/C:/Users/antonio/.m2/repository/com/fasterxml/classmate/1.5.1/classmate-1.5.1-javadoc.jar","isSystem":false,"isOwn":false,"isTest":false,"isJavaContent":false},{"kind":"binary","path":"C:\\Users\\antonio\\.m2\\repository\\javax\\activation\\javax.activation-api\\1.2.0\\javax.activation-api-1.2.0.jar","sourceContainerUrl":"file:/C:/Users/antonio/.m2/repository/javax/activation/javax.activation-api/1.2.0/javax.activation-api-1.2.0-sources.jar","javadocContainerUrl":"file:/C:/Users/antonio/.m2/repository/javax/activation/javax.activation-api/1.2.0/javax.activation-api-1.2.0-javadoc.jar","isSystem":false,"isOwn":false,"isTest":false,"isJavaContent":false},{"kind":"binary","path":"C:\\Users\\antonio\\.m2\\repository\\org\\dom4j\\dom4j\\2.1.1\\dom4j-2.1.1.jar","sourceContainerUrl":"file:/C:/Users/antonio/.m2/repository/org/dom4j/dom4j/2.1.1/dom4j-2.1.1-sources.jar","javadocContainerUrl":"file:/C:/Users/antonio/.m2/repository/org/dom4j/dom4j/2.1.1/dom4j-2.1.1-javadoc.jar","isSystem":false,"isOwn":false,"isTest":false,"isJavaContent":false},{"kind":"binary","path":"C:\\Users\\antonio\\.m2\\repository\\org\\hibernate\\common\\hibernate-commons-annotations\\5.1.0.Final\\hibernate-commons-annotations-5.1.0.Final.jar","sourceContainerUrl":"file:/C:/Users/antonio/.m2/repository/org/hibernate/common/hibernate-commons-annotations/5.1.0.Final/hibernate-commons-annotations-5.1.0.Final-sources.jar","isSystem":false,"isOwn":false,"isTest":false,"isJavaContent":false},{"kind":"binary","path":"C:\\Users\\antonio\\.m2\\repository\\javax\\xml\\bind\\jaxb-api\\2.3.1\\jaxb-api-2.3.1.jar","sourceContainerUrl":"file:/C:/Users/antonio/.m2/repository/javax/xml/bind/jaxb-api/2.3.1/jaxb-api-2.3.1-sources.jar","javadocContainerUrl":"file:/C:/Users/antonio/.m2/repository/javax/xml/bind/jaxb-api/2.3.1/jaxb-api-2.3.1-javadoc.jar","isSystem":false,"isOwn":false,"isTest":false,"isJavaContent":false},{"kind":"binary","path":"C:\\Users\\antonio\\.m2\\repository\\org\\glassfish\\jaxb\\jaxb-runtime\\2.3.1\\jaxb-runtime-2.3.1.jar","sourceContainerUrl":"file:/C:/Users/antonio/.m2/repository/org/glassfish/jaxb/jaxb-runtime/2.3.1/jaxb-runtime-2.3.1-sources.jar","javadocContainerUrl":"file:/C:/Users/antonio/.m2/repository/org/glassfish/jaxb/jaxb-runtime/2.3.1/jaxb-runtime-2.3.1-javadoc.jar","isSystem":false,"isOwn":false,"isTest":false,"isJavaContent":false},{"kind":"binary","path":"C:\\Users\\antonio\\.m2\\repository\\org\\glassfish\\jaxb\\txw2\\2.3.1\\txw2-2.3.1.jar","sourceContainerUrl":"file:/C:/Users/antonio/.m2/repository/org/glassfish/jaxb/txw2/2.3.1/txw2-2.3.1-sources.jar","javadocContainerUrl":"file:/C:/Users/antonio/.m2/repository/org/glassfish/jaxb/txw2/2.3.1/txw2-2.3.1-javadoc.jar","isSystem":false,"isOwn":false,"isTest":false,"isJavaContent":false},{"kind":"binary","path":"C:\\Users\\antonio\\.m2\\repository\\com\\sun\\istack\\istack-commons-runtime\\3.0.7\\istack-commons-runtime-3.0.7.jar","sourceContainerUrl":"file:/C:/Users/antonio/.m2/repository/com/sun/istack/istack-commons-runtime/3.0.7/istack-commons-runtime-3.0.7-sources.jar","javadocContainerUrl":"file:/C:/Users/antonio/.m2/repository/com/sun/istack/istack-commons-runtime/3.0.7/istack-commons-runtime-3.0.7-javadoc.jar","isSystem":false,"isOwn":false,"isTest":false,"isJavaContent":false},{"kind":"binary","path":"C:\\Users\\antonio\\.m2\\repository\\org\\jvnet\\staxex\\stax-ex\\1.8\\stax-ex-1.8.jar","sourceContainerUrl":"file:/C:/Users/antonio/.m2/repository/org/jvnet/staxex/stax-ex/1.8/stax-ex-1.8-sources.jar","javadocContainerUrl":"file:/C:/Users/antonio/.m2/repository/org/jvnet/staxex/stax-ex/1.8/stax-ex-1.8-javadoc.jar","isSystem":false,"isOwn":false,"isTest":false,"isJavaContent":false},{"kind":"binary","path":"C:\\Users\\antonio\\.m2\\repository\\com\\sun\\xml\\fastinfoset\\FastInfoset\\1.2.15\\FastInfoset-1.2.15.jar","sourceContainerUrl":"file:/C:/Users/antonio/.m2/repository/com/sun/xml/fastinfoset/FastInfoset/1.2.15/FastInfoset-1.2.15-sources.jar","javadocContainerUrl":"file:/C:/Users/antonio/.m2/repository/com/sun/xml/fastinfoset/FastInfoset/1.2.15/FastInfoset-1.2.15-javadoc.jar","isSystem":false,"isOwn":false,"isTest":false,"isJavaContent":false},{"kind":"binary","path":"C:\\Users\\antonio\\.m2\\repository\\com\\fasterxml\\jackson\\core\\jackson-core\\2.9.8\\jackson-core-2.9.8.jar","sourceContainerUrl":"file:/C:/Users/antonio/.m2/repository/com/fasterxml/jackson/core/jackson-core/2.9.8/jackson-core-2.9.8-sources.jar","javadocContainerUrl":"file:/C:/Users/antonio/.m2/repository/com/fasterxml/jackson/core/jackson-core/2.9.8/jackson-core-2.9.8-javadoc.jar","isSystem":false,"isOwn":false,"isTest":false,"isJavaContent":false},{"kind":"binary","path":"C:\\Users\\antonio\\.m2\\repository\\com\\fasterxml\\jackson\\core\\jackson-databind\\2.9.8\\jackson-databind-2.9.8.jar","sourceContainerUrl":"file:/C:/Users/antonio/.m2/repository/com/fasterxml/jackson/core/jackson-databind/2.9.8/jackson-databind-2.9.8-sources.jar","javadocContainerUrl":"file:/C:/Users/antonio/.m2/repository/com/fasterxml/jackson/core/jackson-databind/2.9.8/jackson-databind-2.9.8-javadoc.jar","isSystem":false,"isOwn":false,"isTest":false,"isJavaContent":false},{"kind":"binary","path":"C:\\Users\\antonio\\.m2\\repository\\com\\fasterxml\\jackson\\core\\jackson-annotations\\2.9.0\\jackson-annotations-2.9.0.jar","sourceContainerUrl":"file:/C:/Users/antonio/.m2/repository/com/fasterxml/jackson/core/jackson-annotations/2.9.0/jackson-annotations-2.9.0-sources.jar","javadocContainerUrl":"file:/C:/Users/antonio/.m2/repository/com/fasterxml/jackson/core/jackson-annotations/2.9.0/jackson-annotations-2.9.0-javadoc.jar","isSystem":false,"isOwn":false,"isTest":false,"isJavaContent":false},{"kind":"source","path":"C:\\cursos_udemy\\microservicios con spring boot y cloud\\ejercicios_pruebas\\01_servicio_contactos\\src","outputFolder":"C:\\cursos_udemy\\microservicios con spring boot y cloud\\ejercicios_pruebas\\01_servicio_contactos\\target\\classes","javadocContainerUrl":"file:/C:/cursos_udemy/microservicios%20con%20spring%20boot%20y%20cloud/ejercicios_pruebas/01_servicio_contactos/target/site/apidocs","isSystem":false,"isOwn":true,"isTest":false,"isJavaContent":true},{"kind":"source","path":"C:\\cursos_udemy\\microservicios con spring boot y cloud\\ejercicios_pruebas\\01_servicio_contactos\\src\\main\\resources","outputFolder":"C:\\cursos_udemy\\microservicios con spring boot y cloud\\ejercicios_pruebas\\01_servicio_contactos\\target\\classes","isSystem":false,"isOwn":true,"isTest":false,"isJavaContent":false},{"kind":"source","path":"C:\\cursos_udemy\\microservicios con spring boot y cloud\\ejercicios_pruebas\\01_servicio_contactos\\src\\test\\resources","outputFolder":"C:\\cursos_udemy\\microservicios con spring boot y cloud\\ejercicios_pruebas\\01_servicio_contactos\\target\\test-classes","isSystem":false,"isOwn":true,"isTest":true,"isJavaContent":false},{"kind":"source","path":"C:\\cursos_udemy\\microservicios con spring boot y cloud\\ejercicios_pruebas\\01_servicio_contactos\\src\\test\\java","outputFolder":"C:\\cursos_udemy\\microservicios con spring boot y cloud\\ejercicios_pruebas\\01_servicio_contactos\\target\\test-classes","javadocContainerUrl":"file:/C:/cursos_udemy/microservicios%20con%20spring%20boot%20y%20cloud/ejercicios_pruebas/01_servicio_contactos/target/site/apidocs","isSystem":false,"isOwn":true,"isTest":false,"isJavaContent":false}]}